Unnamed: 0,label,t2_original_firstorder_10Percentile,t2_original_firstorder_90Percentile,t2_original_firstorder_Energy,t2_original_firstorder_Entropy,t2_original_firstorder_InterquartileRange,t2_original_firstorder_Kurtosis,t2_original_firstorder_Maximum,t2_original_firstorder_Mean,t2_original_firstorder_MeanAbsoluteDeviation,t2_original_firstorder_Median,t2_original_firstorder_Minimum,t2_original_firstorder_Range,t2_original_firstorder_RobustMeanAbsoluteDeviation,t2_original_firstorder_RootMeanSquared,t2_original_firstorder_Skewness,t2_original_firstorder_TotalEnergy,t2_original_firstorder_Uniformity,t2_original_firstorder_Variance,t2_original_glcm_Autocorrelation,t2_original_glcm_ClusterProminence,t2_original_glcm_ClusterShade,t2_original_glcm_ClusterTendency,t2_original_glcm_Contrast,t2_original_glcm_Correlation,t2_original_glcm_DifferenceAverage,t2_original_glcm_DifferenceEntropy,t2_original_glcm_DifferenceVariance,t2_original_glcm_Id,t2_original_glcm_Idm,t2_original_glcm_Idmn,t2_original_glcm_Idn,t2_original_glcm_Imc1,t2_original_glcm_Imc2,t2_original_glcm_InverseVariance,t2_original_glcm_JointAverage,t2_original_glcm_JointEnergy,t2_original_glcm_JointEntropy,t2_original_glcm_MaximumProbability,t2_original_glcm_SumEntropy,t2_original_glcm_SumSquares,t2_original_gldm_DependenceEntropy,t2_original_gldm_DependenceNonUniformity,t2_original_gldm_DependenceNonUniformityNormalized,t2_original_gldm_DependenceVariance,t2_original_gldm_GrayLevelNonUniformity,t2_original_gldm_GrayLevelVariance,t2_original_gldm_HighGrayLevelEmphasis,t2_original_gldm_LargeDependenceEmphasis,t2_original_gldm_LargeDependenceHighGrayLevelEmphasis,t2_original_gldm_LargeDependenceLowGrayLevelEmphasis,t2_original_gldm_LowGrayLevelEmphasis,t2_original_gldm_SmallDependenceEmphasis,t2_original_gldm_SmallDependenceHighGrayLevelEmphasis,t2_original_gldm_SmallDependenceLowGrayLevelEmphasis,t2_original_glrlm_GrayLevelNonUniformity,t2_original_glrlm_GrayLevelNonUniformityNormalized,t2_original_glrlm_GrayLevelVariance,t2_original_glrlm_HighGrayLevelRunEmphasis,t2_original_glrlm_LongRunEmphasis,t2_original_glrlm_LongRunHighGrayLevelEmphasis,t2_original_glrlm_LongRunLowGrayLevelEmphasis,t2_original_glrlm_LowGrayLevelRunEmphasis,t2_original_glrlm_RunEntropy,t2_original_glrlm_RunLengthNonUniformity,t2_original_glrlm_RunLengthNonUniformityNormalized,t2_original_glrlm_RunPercentage,t2_original_glrlm_RunVariance,t2_original_glrlm_ShortRunEmphasis,t2_original_glrlm_ShortRunHighGrayLevelEmphasis,t2_original_glrlm_ShortRunLowGrayLevelEmphasis,t2_original_glszm_GrayLevelNonUniformity,t2_original_glszm_GrayLevelNonUniformityNormalized,t2_original_glszm_GrayLevelVariance,t2_original_glszm_HighGrayLevelZoneEmphasis,t2_original_glszm_LargeAreaEmphasis,t2_original_glszm_LargeAreaHighGrayLevelEmphasis,t2_original_glszm_LargeAreaLowGrayLevelEmphasis,t2_original_glszm_LowGrayLevelZoneEmphasis,t2_original_glszm_SizeZoneNonUniformity,t2_original_glszm_SizeZoneNonUniformityNormalized,t2_original_glszm_SmallAreaEmphasis,t2_original_glszm_SmallAreaHighGrayLevelEmphasis,t2_original_glszm_SmallAreaLowGrayLevelEmphasis,t2_original_glszm_ZoneEntropy,t2_original_glszm_ZonePercentage,t2_original_glszm_ZoneVariance,t2_original_ngtdm_Busyness,t2_original_ngtdm_Coarseness,t2_original_ngtdm_Complexity,t2_original_ngtdm_Contrast,t2_original_ngtdm_Strength
6666.0,0.0,0.19296750480113584,0.24982726878318134,48.59027016246125,3.2490492593220157,0.02774122449070247,3.989881184611668,0.30356448999309654,0.2203456181725504,0.017515903339028263,0.22023460259847114,0.1349064661352788,0.17499833065707365,0.011467629192805941,0.22148608611762394,0.21695486072676884,162.2797508507714,0.1300433772592544,0.0005203939331326537,86.60480462550514,45.861104317358695,32.589446849116484,12.729846956435754,7.03410745028851,0.34694897461996166,1.910619439290079,2.4779238709088434,2.560366614252953,0.4798328871113319,0.4146233431791882,0.9826048978548213,0.9143606958321073,-0.09743899586272362,0.6325912431872522,0.4050027416760702,9.321101297714096,0.022152585940171228,6.0837847474858435,0.053899794734369344,3.8591286060026073,4.918759484055354,6.225946346789222,132.5949230727963,0.13070471709016113,6.466626715479329,176.0738058598666,5.325297666476889,87.86252499847036,24.973929239155943,2173.212363401369,0.2833610169728161,0.01525705356449728,0.19731542555627649,16.34836173214994,0.0044023494363281445,146.41179113141294,0.12394748317718067,5.714913566457321,88.15455324744035,1.5238539790448373,133.35119840949892,0.02194361594100489,0.015680199498408782,3.8647144851303703,837.9477929134155,0.7940246347592791,0.8785389632405036,0.19386958003666935,0.908235810808856,79.77744131279717,0.014550929633352822,20.787086066269772,0.08324268966888931,11.123771578244476,91.39225272529215,474.48268383813934,39743.54883381436,4.997823717550392,0.02343580296033069,69.13500486591954,0.3413453378487412,0.6069229538543238,55.41179809182122,0.016020018597908702,5.711717643445928,0.2086130213181127,448.9127647274627,0.8611798168241298,0.005650433885354421,142.62993822427683,0.04847428837731828,0.811423971733214
6666.0,0.0,0.25932042033622366,0.34998306321547484,360.98816077988954,3.898950106204237,0.045642076366199644,3.6732490477702573,0.4727328651933048,0.30423306832124025,0.028364671046596946,0.30406519089440737,0.16652346574405053,0.3014020597090988,0.019251073275844254,0.30643710739690727,0.06782978376461592,917.7429136458975,0.08155255295173586,0.001343135849873556,231.14811166300814,4738.118494543174,22.966125150532857,35.42337688217728,16.185503823093597,0.36740309465697424,3.0661364088355425,3.100144978789965,6.484425584560536,0.37501943122586984,0.28869721379127755,0.9832946047399737,0.9136187502413095,-0.08193048776448415,0.6041296085752722,0.2866264380375908,14.964936953758293,0.008781383614471876,7.46401001261407,0.020607088178614046,4.5891882904407755,12.93584817651932,6.490609683725904,622.0603133776447,0.17104737973249154,3.5953700718171175,270.14679468532313,13.483860311169813,229.13655326789282,15.085715127669364,3135.6688336703523,0.14046461666214,0.009018834307363539,0.25149440341976437,62.06613281090806,0.0028524028258175775,239.54906272591734,0.08000774671863134,13.903598870823558,229.29776300508973,1.332889900512754,304.0014783550703,0.012760989149660514,0.009198580034908022,4.365090687991173,2661.2600331079675,0.8454327794973795,0.9130854845518482,0.1184500285291406,0.933702324215349,214.96475777985816,0.008507665136303754,67.95650471839559,0.06406799074836607,20.874506361320478,234.85440819015156,330.4167230160316,28171.496477989887,2.091130030807916,0.012368707543701344,401.40952185726724,0.31537316722020553,0.5785499695471087,138.3918677566685,0.00807579286641935,6.322481287213768,0.2942513452805273,313.49444048058547,0.9575460216985408,0.0027233140906637284,840.6180742687254,0.06996546568335812,0.7599089367859594
6666.0,1.0,0.2471278737460524,0.33958497570138796,559.4319408557515,3.9248562367815887,0.04905862392248812,3.346138697097484,0.42889553046697004,0.294846227543671,0.029199504968637647,0.2953461323747086,0.15428372211585994,0.2734919379000303,0.02022641182964472,0.29717748647285747,-0.12490668612250011,1409.2161823654492,0.07889209750596797,0.0013789913263865382,236.22078691561927,4776.6912490140585,-38.386841847335425,37.84655902667492,14.684100329327253,0.4367373927263668,2.7785072447437775,2.9536518132802345,6.36317669933498,0.40856459512877574,0.3303296190559543,0.9821758912569197,0.9145964365789269,-0.10134937700764851,0.6002247221492476,0.32555919037378667,15.09282168739405,0.009634778611788434,7.399295532734117,0.02103740740658847,4.636204406952578,13.092469081682289,6.818542973832547,773.3051915996975,0.1372345146873046,5.96543064830341,403.0380832075234,13.88250289898709,231.4578615626802,23.055363654244108,5359.714876688919,0.1616566326558954,0.008880559783649012,0.20196617650434545,44.63665094081707,0.0023392156177976598,347.3929434205719,0.07703044093346345,14.452468927469162,230.29968076628762,1.4955660875866477,345.5835878455657,0.01309706749782492,0.009091699853651297,4.51002091359461,3996.7018485299436,0.8034109155076306,0.8848115684315915,0.1855070804349068,0.9128407572194291,209.9672001321141,0.008323338124900314,76.15483360972283,0.06041542538000289,23.33704652239048,218.13987374107393,421.34266225848523,61486.35821813368,2.5849314486522053,0.012576092033271353,472.8189069747449,0.3072229962238315,0.5729749959758854,125.18848444820333,0.007547387381856351,6.545649201008726,0.22493198961502703,398.3334078741326,1.3155878675684767,0.0022820832098342965,674.3564498406288,0.0711840446388033,0.5494243887647767
6666.0,0.0,0.1821315722094144,0.28676821979260186,108.28223672641263,4.119306967939638,0.0528463618199071,4.6182654840256925,0.4806697627492096,0.23421888911152927,0.03307611570974363,0.2325535032167162,0.08922526575797102,0.4016639729703292,0.021912561555122025,0.2382541954779857,0.46672309667527373,324.896949179305,0.07155230525246668,0.001903063573882092,249.46080076976799,10143.050614915104,63.567508284775606,47.58652958333121,18.5026330475468,0.4140266111626305,3.2784898369544555,3.216468509557208,7.872579778511841,0.3600562544999337,0.2716738541025775,0.9869773925753165,0.9237309004495352,-0.09983101580179532,0.7034468527672733,0.27323198413566635,15.468523877468897,0.007730103294660824,7.689791813824181,0.01852947563158264,4.763528074700699,16.50255297918609,6.562168228927112,369.0942272112024,0.1813819168706677,3.296855248078919,151.12795892822587,19.09821341122999,263.44080595039213,13.326349206639348,3043.4270049925262,0.13103845246154172,0.008649272644289016,0.2880307894584575,88.58222626041024,0.0027969457040909287,132.72573053965206,0.0702185122673903,19.686461857653928,264.0199053501703,1.2850418117466096,337.1489886794375,0.012151067021887212,0.008810258998998545,4.544104684864429,1540.6801881950948,0.8582018992798169,0.9216387424430809,0.09894224421027382,0.9400568636864957,249.86093004395588,0.008150058058566988,38.2291326374572,0.056717916685499914,29.216286596297277,280.2621563400887,319.2275760751486,26220.60553951384,1.9761481359250332,0.011368419227108606,293.0713433786195,0.3486045767677161,0.6120537947883086,186.03248583534912,0.00724564737273844,6.312079450313757,0.33893090003213727,304.237388345839,0.4947412582466487,0.004175837436762139,1475.865497000192,0.07199648985026702,1.8983568714087378
6666.0,1.0,0.21604332675210075,0.28714175427688754,41.79330975135497,3.5028955337201824,0.0373150165622316,2.8888814809936765,0.330862059377278,0.2512738838906198,0.021968773473239413,0.25086660568768976,0.18302891105356398,0.1438832656097408,0.015461345954142877,0.2527412831685095,0.2310672710292257,127.22177502641512,0.10150382107783934,0.0007510406864461884,54.74921812957247,383.44574199524504,40.766956323559455,15.862221018652388,12.74453267622742,0.12976238719662175,2.7471044650675576,2.703128973452127,3.6836407350124363,0.4040534488060936,0.32381041893040957,0.9581890739652507,0.867546491673668,-0.15998447920011968,0.786373197041217,0.3069301644830204,7.525028243854291,0.01706026881225297,6.239068240273084,0.03650368412349242,3.8943341994259484,7.280331526502393,6.145810275696249,122.63741080411143,0.1675034658650332,3.6410133769157165,108.45457862802232,7.709291936203966,58.89930657910577,15.84298347321867,927.7912863889087,0.4119457785934359,0.03337131758731062,0.2360027922049323,15.294084366850445,0.008799683983905304,93.52642519300932,0.10005151746241227,7.8982391696002745,59.450495191163014,1.4077519805564038,82.86393289291027,0.04445405739961477,0.03399568574793349,3.9311010494807577,628.892379860321,0.8475230931041653,0.9091732125234911,0.14989628796251858,0.9296768771756211,55.055427833835935,0.03222527263322574,21.204107820705204,0.08608682813862552,10.010090594463334,68.6506418259991,324.53506374419055,22217.11552146825,2.8838850521146506,0.04088205655200372,45.21938522364957,0.294770972164783,0.553484453303104,39.00560977096541,0.02082015712036896,5.780682379355327,0.28412056666792024,307.04737555621534,1.1477531911595662,0.00791610240674227,69.47900533185646,0.0963526684773135,0.7591566464866506
6666.0,1.0,0.20764214171195153,0.28848851757616556,19.210180787224544,3.7276084682270683,0.046467111732974895,3.188495389687109,0.3543463970277527,0.2481526295718062,0.02636504443566184,0.24529965508890972,0.15390279359386075,0.20156138875821167,0.01861662642280453,0.2503266249113048,0.389518844022685,71.2921621623234,0.08873396079197915,0.001091145373301893,98.85014116798799,2634.4771719538235,84.6555720142442,30.79235153975427,14.195576876546134,0.3736327213247601,2.810859610530322,2.9098293521324488,5.646257044278024,0.39959051634232196,0.3189462980740879,0.971786234777937,0.891605327996365,-0.1811253915011371,0.8493165503097968,0.31733995982494284,9.8154490694057,0.01266243119201151,6.738556377626066,0.031556871394784296,4.368099373488544,11.265270644104845,6.203306862169566,77.97948054020662,0.17915863246292188,3.453874694053897,76.36310669394214,10.974349416154197,109.25687800986546,14.679129250511888,1425.7553303383527,0.2248781071051123,0.016431852213874765,0.24739755012492443,30.990728001513233,0.00507087274822467,64.68969452041569,0.08757684789489481,11.185304807637872,110.02563475384258,1.3591066168409185,147.39602335499885,0.022211853655933513,0.016723458559503437,4.131268777767592,401.11097237714966,0.8532237001709119,0.9146115430257098,0.13214278378152117,0.9349658662941839,103.31895348070665,0.015748544699127592,11.923360868394418,0.07674420346093233,14.183283217211404,121.43720701782777,318.41057080197277,22748.849103618355,2.2161499782336413,0.021143000431762166,12.472494269771602,0.286640336338701,0.5482727353544974,70.33606278491153,0.012833893265823031,5.932936138316586,0.29794363680993846,301.7063035887137,0.4864915060548458,0.01183560065988866,247.99288409949594,0.08736166841500241,1.740444130336566
6666.0,0.0,0.19235241098084793,0.2704937743126708,52.829261044806174,3.638869726954321,0.04223967179645096,2.68598319342874,0.30935933857467574,0.23073356228676964,0.024647355538673785,0.2308782853052242,0.1412429206273689,0.17303794874606704,0.017763002058990465,0.23268497841670993,0.08078585634222829,154.5498059129178,0.09187075130557554,0.0009146815040137429,114.92897947062932,1065.599688088726,17.827067527805653,22.717379757000508,11.126077727001107,0.34840050775957404,2.4932006772207242,2.7625169736998965,4.076094958538385,0.4200079433075013,0.34109184008777393,0.9731570125487942,0.8931937584615729,-0.10551745540574713,0.6363506490347532,0.3357341223801135,10.635749515795393,0.01253257358719058,6.788021961503996,0.029370340858147125,4.246835173886567,8.465291226275731,6.416650459425415,151.94570274154194,0.14701869460844355,4.733892155534418,127.22764490809723,9.261201668793449,112.36367797411216,20.025291701532936,2338.054177683278,0.21846977188725175,0.014311779778710398,0.20564911392670718,20.423340140327845,0.004456380482656813,108.4372528177712,0.09004232108172447,9.57977651333876,111.81947554721143,1.4485099052330284,164.26139585186704,0.019927344120759007,0.014734140317901954,4.169653675550448,839.2110529708398,0.8177807221885486,0.8933337765292364,0.16684723784793218,0.9197374691773387,102.23331577324468,0.013797380454717666,19.66260668642396,0.07497056370062553,13.685991234990045,104.68242381148559,377.17326693408575,32539.528241099382,2.933411655338709,0.02240293323601332,59.27024355110504,0.30278642692413166,0.5607001369291077,55.41974634558062,0.014816869229564522,5.938046970119472,0.23109668762312024,355.02926808418863,0.9365402923363975,0.005850751202330209,195.4296447040498,0.09403174395747672,0.7586254964000482
6666.0,0.0,0.21270613890413298,0.30723796333868336,-21.774200924068168,3.4227928045676284,0.05548874684757575,1.829264347566163,0.31492509416572356,0.2561975955501452,0.030615819495591546,0.2617350272869517,0.1922093787851378,0.11741608884238544,0.022995874689139526,0.2586093021903852,0.056128386583947865,-30.21024330262651,0.10264873329829328,0.001246659252905808,57.41947958107178,2763.466284958866,12.262305070358682,36.291176839039835,11.414248120627192,0.525800704769438,2.591644608131038,2.5337670159048784,4.022551468350415,0.3928977276857747,0.3085706661589923,0.9538434081035534,0.8589766072604185,-0.3904051231981164,0.9400802348642159,0.34132698928899624,7.325103061272587,0.02946555230574175,5.228362289502609,0.056510319179604356,3.838666869316276,11.797263006145043,4.626458501018937,-25.931522687983488,0.3548925565250932,1.1207595426747075,34.64853239955363,12.17827329972069,55.94503170822904,5.447925476883153,411.8985101505382,0.22114124966649706,0.07374409197388368,0.5488386944594671,30.701078315332374,0.061382977145056555,26.647266170449143,0.10173182482464961,11.846008781230292,54.17284928881618,1.2925111434021062,77.84711549800014,0.0843626989046318,0.07786113170050521,3.6542406625425996,-49.262297693978326,0.8596969800102633,0.9200731598912764,0.10422618871315788,0.9404983445946015,49.01978288093375,0.07723411916615097,-0.716716062568409,0.09290099185247193,11.973448184647708,52.063912800787236,304.9379796800473,20806.277475726878,2.084862738555975,0.09839231221449557,-34.94943813472955,0.5707473010651172,0.7762140499813921,38.91928998864017,0.09184905270489016,4.331686107182957,0.6116209999220996,293.7491132068195,0.2517262414164243,0.141722688865973,19.28463960353679,0.22281958975245486,9.123191140357674
6666.0,0.0,0.21186463817010467,0.3018513132030164,196.50326057827297,3.834747060940247,0.04581392682013847,3.9251215514161744,0.43223237204803094,0.25444364361143634,0.0285134244137051,0.24956422122201682,0.1699696830756855,0.2579499472315236,0.019592722255626034,0.2570421762434345,0.9102613864026203,674.948744530848,0.08374890597956247,0.0013332875641245564,96.27484817022585,5825.346588148284,217.8682399122118,37.540388807688764,17.47414582480204,0.36457360561783486,2.8860319124297815,3.0045567423167054,8.695793343117,0.42031649127935267,0.34771181822300046,0.9784521573907473,0.9107870516884188,-0.12446809160759936,0.6958837068203916,0.3341336485147059,9.649903173691357,0.010813660947543033,7.211765706916861,0.025874075187350958,4.550900209329923,13.806473452037293,6.67397800176438,403.5131768876403,0.14517306328561347,5.229058875914816,233.2759874827031,13.466857570397483,104.95007467066048,20.943246844913315,1880.8547387710569,0.30297965151728934,0.016470071528935586,0.20617147397928173,24.98040885862114,0.004076269920327779,201.64544924803266,0.08204318255532754,13.911870864389652,106.46645273013732,1.492029651310368,151.72490978593387,0.023894611788713986,0.016703295654214353,4.37507445295741,2061.9672279962942,0.8164372557043321,0.8912362698937033,0.18419635927880235,0.9165624217949344,98.20592613764984,0.015477100979112202,44.126077791251156,0.06567114713185628,20.733195625022507,128.03215539996177,359.1458061198392,26413.5703547264,3.3286006786397007,0.020322708687171454,204.93948443858153,0.2868012688230812,0.5504353923497262,73.54381511173021,0.012068466891125177,6.433188586281654,0.23751810500947926,337.7764792317572,1.2310479832099044,0.003447879021536344,557.3344758290627,0.07297324710283272,0.8966616833231482
6666.0,0.0,0.10347088389927615,0.14621466763272406,-19.583409662248584,2.818507500686048,0.023930409193203765,2.904849186288528,0.16033948209873847,0.12695313403475608,0.013986187477486098,0.12850089560646233,0.09049112958675182,0.0891098827018458,0.010101844374276152,0.12802390072132155,-0.11007161527910186,-22.103405369374286,0.16203679431715798,0.0002837669801854973,23.78800303180128,-544.4345716068692,5.302978272155581,6.179283824875245,7.642706679784819,0.054096916606065915,1.9791563239724415,2.341202292698312,2.3593096842490278,0.49902590332062524,0.4366319924645037,0.9512915857409723,0.8661540674747346,-0.18275936343993807,0.7850971698318481,0.3581167823587785,5.199170233879299,0.03819806097988473,5.157018071931557,0.09287940531417882,3.301569214857891,3.5217720390854446,5.748061785831732,-6.965317192228895,0.12190947641905761,7.259685267298255,72.90553783144617,2.8518651530517847,22.418074514162498,31.9593910328348,1054.1431858630185,1.504115444868804,0.0710604805946593,0.14105268882171357,0.29604509329611517,0.012386329607871716,58.58947990622315,0.15695941534311794,3.0137867991271214,22.10751764799116,1.9071167996587914,46.093614792725646,0.11788386012406984,0.0731018436002239,3.4213248127813167,124.08591506614994,0.7760605755356108,0.854052503377037,0.37355079470720765,0.8894901431419187,18.36295994488168,0.06715938431730306,3.0635482652100805,0.125868766101628,4.649018828742662,23.735307744154994,391.9338778406857,24050.934000524896,9.644971831626833,0.09753247804273579,-48.283107009974714,0.20071492566271953,0.4347905656046521,6.1016218690207324,0.04689677547188412,5.141456638606361,0.16302796979022735,354.3783837228525,0.925510478142554,0.018470444034564725,-31.877086042734163,0.07386247034766237,0.7990664273106503
6666.0,0.0,0.3005101308554923,0.36938135906637043,24.443703685493062,3.39497950068138,0.028970995745491494,4.6700751734281125,0.4358711942283286,0.3385646573108327,0.02064970498167068,0.3427586744819881,0.234018979310401,0.18479193308080483,0.012600162630475996,0.339727622981228,-0.8685974524799214,84.25633436562146,0.1209955681935213,0.0007797753230976642,134.02353465382024,758.8438305408663,-51.043894707627224,15.254651075222565,9.176712131488257,0.2762564974871812,2.2882793432230253,2.5294797405005607,2.775661793466437,0.4303987826295764,0.35262596299556875,0.9792689298217216,0.9037754127721105,-0.19441479033243078,0.8353558838051259,0.35562103828945063,11.530528619779894,0.023296034825307763,5.811910521165045,0.05463788299528736,3.772742729861972,6.128023493210923,5.895463995534858,18.605659125470766,0.15770290878418233,3.8536567094250107,68.69628568708401,7.774352446343741,130.94851022579832,16.490031617940794,2182.6781984653517,0.17443870979874954,0.014926711163133665,0.24711810421841554,30.132836009765537,0.006975258622781653,56.77996722708116,0.11681190837007802,8.216464038895047,130.27168031190158,1.4185229919448596,187.65512578925834,0.019921231797061588,0.015575376084869646,3.83679236678885,202.26877236955033,0.8429826143959784,0.9068027752175208,0.1556084554225712,0.9290647224271822,120.63053244862436,0.014844046509594686,5.750581701589354,0.08104198328846146,14.194485991382162,120.26097821427041,323.97733530820176,24338.932099392056,2.1434738529910184,0.02747375510281798,-10.510341817702084,0.3310365274836651,0.5961310224470134,68.38685991172936,0.02174918585838571,5.523926653515136,0.2823459342251928,306.3825482648475,0.33979938245320573,0.01732394858463078,161.9436427446202,0.06805316673908667,2.5843188883242583
6666.0,0.0,0.2391187552863728,0.30132534856689525,118.1163093202633,3.416808940880433,0.030332076451628213,4.700959743385927,0.39209801793931875,0.2689266134972643,0.019927184075687478,0.2665634401464956,0.1718751698311378,0.21669819157229636,0.013122047794216175,0.2701857976591101,0.5693891667538431,387.13681997985964,0.11780210440439787,0.0006887387786998558,123.59261423021348,933.1287541338993,47.950210367660645,16.859077149107282,9.060814565036864,0.3318490397978743,2.184790918963638,2.6410210560467355,3.5108334245811252,0.45405477831808627,0.3825958435970097,0.9849193244448337,0.9204709336577402,-0.10215192718999394,0.6317248025893897,0.3689053132791751,11.064361373338427,0.018169268203901544,6.40573537197983,0.044686807956805644,4.0254045295484495,6.479546154493991,6.409352053660121,181.5360802013812,0.12942727181690852,6.733258729745006,200.22426568700644,7.0353418882744085,128.9497028112905,27.35937722961919,3251.7869569104837,0.24372004460526622,0.011617496442822664,0.16523058108298155,21.660359667906935,0.0028989696226947455,166.05345750933768,0.11285401254596819,7.5384934668404115,130.02598964460844,1.6064374149236345,202.14470695343732,0.017541247842731013,0.011883796583978375,4.063024033742071,1082.571672014758,0.7828943009426418,0.8697256682371881,0.23588002155545404,0.9017173793984851,117.69777044720036,0.010873104894908437,19.77737652246461,0.07405859474467243,16.51916006521644,147.91226948245045,524.4151052530962,53027.40695060363,4.883749234730658,0.017479572662046583,41.23522062069412,0.2630462828086425,0.516354239964089,77.01397104639781,0.011211334783689922,6.19628150750736,0.1806157657382444,492.5708967433699,0.7246814961805539,0.004567784879554557,360.4346807506827,0.04463939659550731,1.0441133471277255
6666.0,0.0,0.2528099363724498,0.3661190625091149,191.30023978974998,4.153056765264277,0.059097808528931636,2.9914172645878083,0.4689594174789204,0.3097032378948214,0.03468882136878929,0.3099594477433047,0.17899787902617614,0.2828014697098905,0.02421023958451374,0.3128386379519866,0.08936688805956598,497.4926428374704,0.0668441435125802,0.0019433668547875903,222.7118376860485,9923.47511284395,-26.581235595506733,51.11035893084566,15.248668192832257,0.5072171755483842,2.8643229190485715,2.9956894887741305,6.518899927573303,0.40058353147130127,0.3197262725721367,0.9825338288361917,0.9146112458217222,-0.14441235869839164,0.7812634192250492,0.3086961360098944,14.545217419430827,0.00891554076381009,7.448873223211797,0.026087366433069387,4.79604037513227,16.428199652232617,6.747169858856057,293.3560298705748,0.16295112858762018,5.21122595543439,134.72130366961844,19.479210510911592,222.5257546828183,18.53764702637132,3868.312483353625,0.16569696111066687,0.010274209386932947,0.2294092200119418,53.216682534335945,0.0028542591825856385,115.74633601334818,0.06561326877996707,20.026197521512092,222.44110418266084,1.4113635831768558,313.05640610919977,0.014637929377010871,0.010482617159254408,4.633235794803063,1361.7134583740512,0.8339251460052188,0.902886349994537,0.1534214195004855,0.9265300885153519,206.87746994050906,0.00969374686716543,27.866152279849455,0.05710463779071075,26.733022737369996,221.97355864067518,333.02013984633936,29548.095371599455,2.12485543892676,0.013493583976901405,142.4819321806092,0.28303045001017,0.5404920004084094,121.24151128978235,0.007919449518392067,6.449456703344751,0.27726322433332795,315.084840970419,0.5542338114243806,0.00513259718800793,679.3324961845774,0.08519330248874941,1.4128903263589985
6666.0,0.0,0.2274665513924092,0.3176211572889033,25.794263141794204,3.9342632138296527,0.045126069706298254,4.431081809662629,0.41600198382223497,0.26848634813021516,0.029571852290304807,0.2660228474694766,0.15760412466922175,0.25699661866630874,0.01859380418597367,0.2714619445401359,0.49236504087405547,87.59830647952799,0.08412146778992709,0.001606876998281142,160.24050253920674,15738.805688456461,233.6942281244637,56.87139023858698,6.821646442089008,0.7929366599313212,1.9189774234210686,2.4733047798701007,2.301471468600523,0.472470897884238,0.40277190695753107,0.9900434949735898,0.9344378264945482,-0.22732771731591023,0.897330671846468,0.38828402476016116,12.132329738823183,0.013268113607583286,6.823261133239647,0.0330331875704151,4.7876162499290125,15.429820796578195,5.9921714935205745,119.95605011568443,0.23622436678216036,2.285503787936917,72.70801257898808,16.151427601237796,160.73030756758976,9.308454291961862,1212.517116966504,0.15337068772673484,0.015481617104246524,0.36709428967700847,69.8091942755828,0.007328878734625782,57.493951552239366,0.08135149360422206,17.09047991537146,163.2122262130357,1.7177438316108768,265.64457706772464,0.023338593092514535,0.016152226044181685,4.636531527729173,287.68753214143044,0.7400951948233953,0.8410955592217337,0.2776137770895009,0.8827641617243801,145.7404044386252,0.014824507841026255,17.711416697384138,0.07133692711729642,21.23909250228087,166.7314811024779,308.4978581856943,21712.62490906968,1.9653989656099728,0.020829097041725537,95.85264426866283,0.3855299910504188,0.6428561586917123,114.57470916364602,0.015163519255509583,5.73099084754643,0.4431028063601077,295.8389291332263,0.29381060043343155,0.017469591524099944,315.28003519820504,0.05541433554416639,5.233331857287352
6666.0,0.0,0.2282200702915928,0.34681168312934435,146.14834266832656,4.111087991791547,0.056928170352086555,3.872357099221013,0.49014304594402314,0.27671255574962483,0.03670500080451148,0.26408056900964083,0.16462046689861318,0.32058582943020364,0.02483763392258078,0.280705552992091,1.0658056067023005,428.0545499336617,0.07448713253758192,0.00221919799818649,142.36473483775896,16541.480981341738,536.909598898695,61.52252848706823,19.727641962384375,0.4881051092354485,3.1190893576891328,3.125985580625543,9.989955448389644,0.39130637097808024,0.3107635064014858,0.981882352323328,0.9161825000431397,-0.13997623715008872,0.7777457907218223,0.30689067499931205,11.509658341790683,0.010115180563900535,7.466181257708713,0.030851089046708097,4.803580440527989,20.185632333574237,6.689361644026086,268.59752278214063,0.15474008512741452,4.973863776224115,146.11927256907148,22.361413129513103,163.13196540100998,18.114491430588757,2134.495683698964,0.21371887240929643,0.013355903694002063,0.252228831738018,54.377004938523946,0.004435430632731304,123.84641866616693,0.07147808728508301,23.178719351906658,166.4353312756047,1.3956494343244796,218.31657943438094,0.018557400162271726,0.013628889948716283,4.607316613861943,1340.6969976305697,0.8332999157447812,0.9038972120387729,0.1470408870544677,0.9271150118694561,156.8542234544776,0.012721830480694068,26.353247354216048,0.05257262164277664,33.621352442286685,206.4008159413981,350.4335138679834,26938.53587558336,2.6851690646866517,0.018155241850770654,208.6137070796919,0.34000079893407276,0.6039666936207713,136.13663828827154,0.012464511118907586,6.3467226601949545,0.29349666350617615,333.43110360491164,0.6561640342192184,0.004766072545167684,942.1371457745294,0.09389423410132147,1.7363731806646405
6666.0,1.0,0.2263860143854462,0.27235922349052866,174.83154748339456,3.0603880901743548,0.023352341973366032,4.901974604114712,0.3332303381373169,0.24992484029936085,0.015306055370566861,0.24965480251858224,0.16675067166794066,0.16567406948925212,0.009870755298850533,0.2507091441994672,0.18063170026386258,555.6848246678574,0.15287496462066566,0.0004085003914022331,88.10114671585279,-28.443871788601427,17.404747335436777,10.997001596265527,5.526756990477876,0.41411796781489185,1.6225822020129574,2.243489515171869,1.814489169582583,0.527720193053594,0.4741857257630119,0.9850401250602475,0.922526508560012,-0.1096212323908066,0.5856146670391102,0.43150067787013396,9.398279536366719,0.030250354313923603,5.729372044883342,0.06924096259921661,3.7637448980625523,4.078416831109414,6.335444099323055,251.15625553011148,0.10983682016676502,8.924534882224252,392.24095225708385,4.182174792242247,86.60296629382162,41.05617360897777,3681.6031582680366,0.40271619443594997,0.014603483616547924,0.11677094619000498,6.804939844898129,0.0027030803084876274,309.66902869597146,0.1439416475946044,4.621840586685485,86.70275284859227,1.9631682824151273,167.69906310669643,0.02458776315556342,0.015060440428265282,3.881998270521258,1607.8980290616876,0.725307910616145,0.8285536007025851,0.3865018821328077,0.8680179936223315,74.52162641389684,0.013542135660340598,21.335198280003816,0.08369005678725855,12.447388126007622,93.4437921694991,1910.5231214292407,205471.3588443175,29.471298453119864,0.023975246455604095,21.815628426984546,0.237149374612388,0.4873492597986287,41.03078751539418,0.013796843840941026,6.145580485663397,0.11457843909657531,1830.9644669007446,1.5182234589802412,0.0034141592489293823,70.10002795415534,0.03729179908027361,0.5209263844979277
6666.0,0.0,0.2576371914088881,0.4091826528676917,10.49030078892082,4.425528124436406,0.08316752661192642,2.3735208619110266,0.4836750342308236,0.33010079998852265,0.04654581395872594,0.326858552063916,0.21118038373529757,0.25855556920344724,0.03399584347348683,0.335140203416564,0.26180602525699287,67.27432574995089,0.053843802438649696,0.0033305347532267024,130.26761630423917,14421.386263946442,113.96963596833646,67.07333080003286,84.52980443616589,-0.03564136569108334,7.490982655866418,3.505673377352552,17.744798698622635,0.22277361195117096,0.14228164332592505,0.912866403076804,0.8086792926709326,-0.4200876246791191,0.9505113190060085,0.15262054584026477,11.751872116567526,0.013164547996914727,6.573784870894741,0.030249729831099845,4.559853102260793,39.80153173910553,5.899057391092254,51.084885682517836,0.2933935677595743,1.342254528661384,42.70294888124869,33.175057657930715,183.9830596098966,6.458681767530344,936.7002372928696,0.14865379413220625,0.025631178461743478,0.46547937601159617,102.33552816636526,0.01736118198701391,34.519755361909176,0.053756844026574505,33.3598383424673,184.1647011002741,1.146607222504036,213.45621834271765,0.029543104054530592,0.02627830034662828,4.599649147903121,160.2261821806669,0.9256738637367604,0.9584298995187566,0.04923030615600327,0.9675237774843393,179.2459346331873,0.025866203116639314,4.759338251754009,0.05259422869786126,37.06941934062114,189.86998296964114,305.93372696775305,21280.469352256827,1.9685105266972176,0.03512218455292319,51.542883985689,0.47388209966874323,0.7162068392156182,147.75984770630555,0.02992981897948308,5.586621522425551,0.5390374592108065,294.2867895434239,0.3254304293286392,0.019682692590334797,1115.5303093109476,0.3088520856818699,4.2714409782781635
6666.0,1.0,0.20801099670754344,0.2581882374355579,1100.0773229872364,3.0966085251044904,0.02698601015162855,3.864480737577255,0.34282065582998456,0.23250854748894656,0.016004642504227427,0.23176847820671914,0.11808152011927339,0.23326161950828989,0.011119890820995933,0.2333349260526272,0.14782818243831056,3026.817016496034,0.1396387598480036,0.0004026567124550364,158.18598241811335,-148.98915044533442,15.083651843856003,11.03895642366145,5.1905020204488075,0.4409981749659998,1.6100022315517464,2.224743113605486,1.5145961105462402,0.5187476110853835,0.4618807187726439,0.9907469568452124,0.9381352360993519,-0.09181918739975614,0.5178005756576906,0.4321246427264002,12.501496893497446,0.024670919772288358,5.860418800711561,0.05218522619225678,3.810879024820703,3.9935760134459057,6.545184960084387,1752.5452733355473,0.10444068483118027,9.680062232008702,2176.3324652174815,4.125696274996853,157.39839477519698,47.77445904164456,7448.059056307702,0.28985231026439917,0.009202924095040728,0.10243493163343863,11.82232671846122,0.001513547079151226,1709.6981836238792,0.13367716750235167,4.483270676471763,157.71721131438503,2.0028227423057463,306.94609361181534,0.01578624609905239,0.00934776118191748,3.9938879033672796,10135.67314802689,0.6948402567690652,0.8103553534017869,0.391879574289393,0.8541337410513471,134.39005157075576,0.00821512509429716,110.5517458234541,0.0836698514516146,12.295325680157799,167.59376756524478,15769.915438804728,3215979.5013109436,148.7311912863473,0.012291449526800259,391.4775573923432,0.2736548002794555,0.5310154967036452,89.93886625892755,0.006943046388243489,6.248818084611306,0.08853432290080035,15594.91636129397,4.889817377892117,0.0014676662828185735,194.57125720572208,0.028524818750180585,0.3111759699133896
6666.0,1.0,0.18418408371673764,0.2552492503587847,530.9015935559573,3.6060926729922733,0.0365139515732464,4.630338854958327,0.3735149653145565,0.21975894173512497,0.022720431985059544,0.219597273432927,0.06983238566539067,0.3208380723232687,0.015277391360228341,0.2217243824602561,0.029492382394028904,1613.9357972122039,0.10101613948798999,0.0008785124256341175,298.32491414805025,2685.1433841630205,7.300447277190667,24.573070650444084,10.045651693958675,0.4331163250384104,2.3238623625219383,2.7040299972354793,3.8028624647705414,0.44075200671730125,0.3667338762416677,0.9897430400553824,0.9345768641655952,-0.09618617064188742,0.5636607655714563,0.3543952682249448,17.020685871240968,0.013608181651538605,6.851018608265059,0.030411542693006915,4.328950384990755,8.604805436629324,6.648518432881734,1301.339837755214,0.13178053421186742,6.234712543631887,869.8728816158625,8.903385970686655,303.6415705619696,26.419505306896795,7538.086537544934,0.15090672268386415,0.007084501962453162,0.16495720854096804,49.80441516927941,0.0015515917167421853,739.6922560088644,0.09787418530344484,9.39039573303183,303.95194271796174,1.5919819631748207,474.90381068845113,0.011002956268343154,0.00719326046954652,4.252898606120679,6748.388642673631,0.7855480876563937,0.8716044978844327,0.22708324355495535,0.9029136819598359,275.67592950416287,0.006455130817015469,119.30817305586092,0.06951651622299201,17.607689286740513,313.4661655909349,537.4516532366979,109662.34069049286,3.0893555243036728,0.009154973931045168,521.5896449205409,0.26731374411552644,0.5268665581476635,167.5036416261903,0.005218315617283418,6.619098568527594,0.176367693927256,504.3301132238725,1.550280294459439,0.0017339028382610585,763.939962219667,0.03674803477625927,0.5257476247682378
6666.0,1.0,0.17548387953696634,0.23643964496549724,455.06487687568074,3.370726993785416,0.033203600672510235,3.5655787514536477,0.30652626089428037,0.20571571768140443,0.019623338126099222,0.20561368399082197,0.10120626025117954,0.2182261094925824,0.013697175716259277,0.20715509260294518,0.06503806952212578,1269.6268813138308,0.11487274562736674,0.0006091343578696455,142.7606154566078,530.317434280727,19.348440725414534,16.967719314975284,7.014199122901375,0.45789573054342303,1.9322253367990707,2.4690894032821404,2.3641090459079166,0.47448632718769046,0.4065703235547615,0.9871304929577442,0.9253931537959805,-0.0892376207028886,0.5529168950170651,0.3931684835764605,11.848194903214553,0.01714015623667621,6.407039286174853,0.03813538010872632,4.102662596263754,5.9280271214586255,6.574760872163592,1125.3781467882218,0.11899328168212628,7.2584505794504,984.9008460049613,6.17400428939093,142.08757279129327,34.021241350730605,4840.598627458265,0.25145877026908836,0.010316590589320596,0.13075015190687717,14.867045722546564,0.0020265265874421278,812.9074762036457,0.11095130552424118,6.569037077280575,141.9490887493064,1.7120329182660337,240.2663524587648,0.01621985919299395,0.010532726602511614,4.123536317226581,6135.824384762685,0.7449373058658881,0.8466841902046758,0.2703292583811099,0.883194080629901,124.91517790575648,0.009480022748433972,78.92156674141124,0.07499330584839484,14.869899454705564,140.26425999302364,2470.1972785864045,436838.73507222545,24.351424907762052,0.015292753796202617,332.6234896677192,0.2866261853933355,0.5494777950564477,76.8792543676027,0.009159068084720678,6.339201147947084,0.1194505583970091,2396.3686918557505,3.1037638528185933,0.0017384805005507663,283.4999926125454,0.03999391829384495,0.3645880856321011
6666.0,0.0,0.30961252306553816,0.37967272596166246,12.036574289692282,3.4525147261254463,0.03626569727876556,3.7842541646776136,0.4474950496651859,0.3491773279432039,0.02213823790464226,0.35316605970662573,0.260204476185133,0.16472464735280956,0.014428473079507575,0.35036750990690235,-0.6342941060393341,53.52592341701347,0.1103286566385675,0.0008193168581441242,97.85475363200707,383.95826070215844,-25.464692416861013,14.842775371604482,7.033902952639926,0.37351846212513673,2.0047652066977193,2.421849497515948,2.157960882231309,0.4534437713542367,0.3790508149470751,0.9807230271345779,0.9058254638569776,-0.18685753924590873,0.8230717595057657,0.3809918723414886,9.859908924340242,0.025459493616135597,5.646411960906961,0.05603807189232755,3.7444484397246396,5.4247058324926245,5.635754273100803,10.394736124522979,0.1878624634050426,2.629711036740575,55.08839256451222,8.250770616420418,91.07011960718478,12.351458057333419,1197.1770743527486,0.20861296428118786,0.025024505751280512,0.2852807851510582,25.096887438237637,0.012387047174848287,45.248998494631564,0.10753528853868134,8.54448506851492,90.67390830038272,1.282402275075518,119.25360286132096,0.0307332445728397,0.025929567975746984,3.8305745154578945,124.63662725785616,0.8615810350380914,0.9237081183033775,0.09367525252884733,0.9401317365666703,84.73778792385383,0.025105779494231678,5.455076745694029,0.08868903926342936,12.388939388060638,84.26268614227769,317.68815908885654,22778.019021720567,2.1654043951378146,0.041847321575961,-15.525578488902454,0.337587575285422,0.599729340121922,49.09443898478932,0.031599282837040894,5.342692298724838,0.34466686549274933,302.8897008925521,0.3483972388259281,0.02503277824309469,94.09785083642998,0.08725508985312866,2.6772768055603553
6666.0,0.0,0.23699093816196307,0.269340204572612,-21.012777089045073,2.3156821157856724,0.01954487974689591,2.338416084814533,0.28046483757962826,0.254682187190995,0.011678038225025231,0.2564204385667052,0.22823673599456212,0.04081702743155191,0.008766326166394946,0.25497251307739516,0.35600664088514755,-26.351406002412432,0.21813622666662222,0.00016610098769210212,5.8146351643299,-646.0130914541132,14.201953997884576,4.140785326546851,2.9350003624347707,0.43248653960173206,1.1247396226538822,1.6798212644383002,0.3757398453280967,0.5971397820950078,0.562777979753324,0.9625977014610891,0.8764941931341603,-0.15080340927205338,0.6787560128390618,0.5065722779316859,2.839303921622424,0.06381611870719216,4.2473442717236125,0.12097306842741352,2.984196765316921,1.7051196445869081,4.568981298770295,-32.10133455015364,0.19790496861470455,2.477364279874301,41.07468423969249,1.510867800788965,5.681120097889618,12.439630432678177,200.14235825106425,3.663338062799913,0.2258512110146394,0.2519854506429313,-0.09938730212791569,0.04836060788848145,31.0822482925974,0.2138728312974304,1.5640893750635314,6.5397572803733794,2.070895850588558,13.436843709617932,0.5143617714177324,0.19943946540056118,3.1367819609863306,-56.63336141671107,0.6283949308475125,0.7766221159641992,0.3496902479026512,0.8128046876971875,4.519712272889393,0.14682049234950917,0.7447843439933024,0.19611647855516087,1.3271511482912004,8.878205574750297,311.6793592394407,20705.46765596149,8.725682739072692,0.1723607433088212,-52.2717974018947,0.2751843252342087,0.5039320162330817,0.45614232789986886,0.08967914431612851,3.8803347516051128,0.339260946078884,296.7151693103166,0.7358443204538928,0.1067994688691133,-82.96578734422428,0.07126528353203881,1.7304296723885169
6666.0,0.0,0.2960653666567443,0.40993284088143206,89.11746636618597,4.104527007310216,0.06084813293345975,2.9455582734566317,0.521840590138563,0.35054987011963157,0.03494053822992298,0.3486221900845448,0.23377267065312607,0.26856251573092427,0.024874124007079272,0.3533091406864237,0.42333131363412313,244.42539981623088,0.06832381849961564,0.0019226523138234216,152.22032589397045,8505.733314783945,156.3259550773226,53.43485998402844,16.607818644019407,0.5075685780894167,3.066261272885466,3.0601744694930217,6.756459254263206,0.378488345884339,0.2943796202063308,0.979951954603218,0.9068197876685307,-0.16557613198295826,0.8339864510002135,0.2981429336301978,11.96358136043404,0.0091296219840196,7.309235768563874,0.022543600516558973,4.766639183499065,17.368411281437787,6.456337150242992,109.03670175259197,0.1765468280794022,3.657372080937084,74.75628931161509,19.28100336319098,171.7789364348892,14.478069889331655,1854.011721905807,0.18492655094401414,0.012600041026568035,0.27037319169332447,57.2656405606751,0.004454606299924842,63.147266871508464,0.06741310607649074,19.697331528778395,173.90916843912743,1.3249909425082136,222.32769906628752,0.017184540562499427,0.012827277071391599,4.515387616254803,533.6217843547265,0.8529373484536306,0.9168679000282096,0.11703000514340768,0.9363384396622926,164.75008251374592,0.012017101175141537,12.025827987566927,0.05757000521573224,27.616649138972306,197.92407718144008,321.1755842823484,23629.324598101928,2.1812857871260896,0.017152515310263964,61.10332079765416,0.3295208292612434,0.591456005795253,126.15729088072906,0.011687497882810292,6.097484595562888,0.3253420156011151,305.69031852812907,0.4050241244919466,0.009773742748193108,713.7231935231671,0.09905840880721321,2.654069094083609
6666.0,0.0,0.17215311033603442,0.23429097367505097,2.245895899668426,3.297974904482795,0.03469805960805458,2.503611927961302,0.25412857062454725,0.20099366360828358,0.01957969447229345,0.19973502637800938,0.1419271348420415,0.11859001011929846,0.014263335264060779,0.20235431507574242,0.20336853519560982,29.278194161667216,0.11450645869171765,0.0005642754410149611,52.1155626878532,-30.887914176898448,16.60489257626312,13.852872361991153,7.470955654948071,0.3410296578221386,1.986973127214512,2.401021805015184,2.4883759807271675,0.47118399400720146,0.4019660324741947,0.969358127378151,0.8872700124385042,-0.15611916865094552,0.7678054298353986,0.38152206054764404,7.279172615192953,0.020662523955457916,5.918309693222015,0.04850846397686574,3.8597446788694816,5.310976260818617,5.990452273976511,57.06512452880628,0.15939998824498872,4.206972848251505,87.6642850798795,5.735618857109333,55.4268697824495,19.624585908546614,1021.9272870883165,0.45227360594209676,0.025871051731551405,0.18220018433404972,8.96163166350821,0.005951034319512912,73.64662216797166,0.11250927951490036,5.884165098653929,56.1130773345957,1.4956038767594046,82.36824178316166,0.03690864981207195,0.02621078307957505,3.7966261159165744,352.497587087963,0.8192453767444815,0.8928542435720521,0.18086329330672937,0.9166390120135363,51.25323970762018,0.024392179268691673,9.582116417338156,0.09696948381501601,7.443415254331057,62.7960387786208,339.0871393824102,23146.161698443582,3.4255314679326814,0.033867091586531256,-24.496321234446242,0.22942767211890963,0.47626985735077293,25.71266342477979,0.018594925506562502,5.693905556749637,0.2122709820064542,314.39105675560836,0.91083913763249,0.012308481094692134,7.199862013524466,0.08294452260251035,0.8590124684507692
6666.0,1.0,0.1812181767712643,0.24118607387834712,476.77096832916936,3.3235758131156854,0.030421317658132524,4.303048639168293,0.34874464146913575,0.21001027548961812,0.018889322444267956,0.2078191787315127,0.12347331740500214,0.2325577414670944,0.01278564594600531,0.21137030644936894,0.7110651071692278,1328.7607616789464,0.12135875708608111,0.0005884524631565782,106.42842009094329,383.4658883445327,46.04144464957159,14.670119105404073,7.237698689360554,0.37459695692672756,1.9167484698255897,2.4880269371845207,2.68963666156169,0.48556773320123436,0.4214100021731815,0.9883687357409017,0.930927923470628,-0.08506339421956963,0.4980623343944982,0.39775886279683953,10.283414085975199,0.019390456115444488,6.270435177571923,0.04513754157699608,3.9712860924414364,5.440867456163783,6.591864450884667,1051.8246323535,0.11313482007729594,8.471292028332716,1044.092969679168,6.003088985952986,107.11663147643242,36.47843845087784,3755.0580810489473,0.33435152785154726,0.012356153648007212,0.13743247165886024,13.174542572826834,0.002337012447774917,850.6648411824799,0.11628275098760395,6.463827477410057,108.0191371597497,1.7609690877791468,183.89560452854744,0.019864812469915873,0.012573583823204738,4.095654183096361,6104.5070400996465,0.7413900105959754,0.8421885298255558,0.293249890774969,0.880531109546499,95.14476979957935,0.011294995156975528,90.65995800539753,0.0747185208280598,14.629744270787198,124.54266732350592,3359.301811848362,428698.7328165489,47.544918105399624,0.01675818055124124,414.70898394568735,0.29859590480305515,0.5635455835742161,70.25340561790705,0.010229174529032221,6.303280554242978,0.1327976347316081,3297.8537499765907,3.197157115581528,0.001768017980771787,319.8676026531486,0.03583970033097911,0.40230965172228594
6666.0,0.0,0.22998956583508992,0.3510730803160697,696.4642694631252,4.253703264748749,0.06702552462077949,2.8363625350917987,0.5184093154183348,0.29154328316389405,0.03813577793369988,0.29220556023169547,0.11440541600620047,0.40815862017646987,0.027415326728738247,0.29539030146091744,0.019980918826865368,1927.2652364765822,0.06120067429610848,0.00224980732107547,404.86059023125836,13723.876533523005,-30.35707811064389,68.88774232495157,13.658928243259094,0.6508107989029819,2.7860625365695433,2.9362718973851707,5.216728488158135,0.3952891740433888,0.31231068891764147,0.9903854685277349,0.9356701716551191,-0.13306672417248205,0.7534448740557844,0.311998128747809,19.551261019228875,0.007167601388824555,7.78256661326808,0.013612016135483757,5.031295895304079,20.236916612123352,6.990670245985439,1088.7278535336018,0.14897568438447073,4.289193736095448,384.2061189226335,22.54573600273914,402.34494693897784,19.473784637160392,7187.107281163216,0.1305941379259728,0.006780382771383963,0.2024469092247451,85.85054512578469,0.001623140714670187,338.46456391934845,0.060747865166043837,22.92417767485235,402.5109985575816,1.4320403257443428,569.1104073267093,0.010266738877777244,0.006878417048994428,4.7916785124892485,5136.856473239564,0.8141674678079888,0.8939407016132361,0.15304277267888716,0.9181025370470615,371.5235900851611,0.006198023538115695,84.10824288292574,0.05429600268823893,31.122740079433058,409.6357272594996,399.8615980285657,73659.76923199177,2.2865925224462025,0.008649340474045225,583.4805148270719,0.29931262615591075,0.563620026558155,240.60466597557155,0.005070737620986242,6.7229038027076164,0.22483004773659895,376.88114128139944,0.8458166906603283,0.0022954813557425763,1196.4593392192628,0.06433667879658257,0.859652048014844
6666.0,0.0,0.17971412913500673,0.2579877956686868,97.47090712805593,3.6505124174732506,0.03610998533372646,4.25993443173875,0.38828904841142586,0.22096517050453018,0.02362640877982759,0.22214125513255903,0.11027033238355996,0.2867640502024811,0.015397742070281616,0.22313895553668342,-0.01822344253899419,325.77948037738327,0.09986101685676425,0.0009747090562666602,150.97368759358642,1595.8355256996351,11.833765352251714,21.174925787756756,13.938225077863715,0.2001392385985688,2.7539508202950578,2.883254983941796,5.4040308574485865,0.40978075707284345,0.3323413840713388,0.9837304994620631,0.9171523835913202,-0.11137401430979953,0.6425424823358902,0.3257894139503419,12.220571344397824,0.013925041499944831,6.782923824316433,0.03747994893883216,4.181258284264177,8.88946732817281,6.4595052968868645,290.9776425709148,0.14663102621308577,5.531131621384682,211.23861064312467,9.774501460366315,158.94356913631773,21.69861913239314,3329.0991388573893,0.19239434330240784,0.011033152619177013,0.1967533332126106,31.122961397322378,0.0029745186197653608,178.77484278269898,0.09582843423069158,10.29760150459116,158.97015599538426,1.511295164089835,238.79685092585677,0.016094918445771905,0.01128650399896766,4.20618543312599,1495.7211006208424,0.816462671453398,0.8890729002679206,0.20067890415630202,0.9175343229057361,146.01741160327973,0.01041573966235146,29.805698881579055,0.06775346094477365,18.610338539207,160.14682835113,395.1282966205016,39616.00906588719,2.7944336127965084,0.016083400252556668,112.29020172996879,0.27844847307186543,0.5390581140224758,87.22673245039898,0.009856244007692812,6.2777307483285565,0.21910817681853617,371.36555359289923,0.8137658841652622,0.003605542107574926,628.4189978385175,0.061830372374111806,0.9277379529508789
6666.0,0.0,0.1931804730692344,0.2514730100541827,125.69116609172491,3.310660712754451,0.030784076175462444,4.73228809839806,0.3785618196540176,0.22248012352982463,0.018669620262045883,0.22175279963895447,0.1498449316554503,0.22993318669240853,0.012790288765140491,0.22372653646673996,0.40912085478568705,372.3236210075321,0.12131414332019957,0.0005718008965340611,70.6640732439543,195.3981861609982,25.757391871929855,13.047405388033901,8.84919996788769,0.2332817712300791,2.1913883475576155,2.6447680063692256,3.3006680851965964,0.447183856776617,0.3723157670847289,0.9852192617456194,0.9199567597473955,-0.07410468118732276,0.5137482181284241,0.3585097019652459,8.472920224602456,0.01763161258984213,6.337119783965147,0.04059226044152199,3.8913108920478443,5.507011321205086,6.243861582872798,331.2687434015504,0.13671934187406143,5.288007489871021,301.58944457106486,5.814527156143082,74.21328221603355,23.32913856564105,1711.968592347125,0.3254247957196246,0.018224606825889268,0.18404882339936285,13.554826275817291,0.004705020998756481,256.0471988394623,0.11697698843126116,6.181984415492028,74.70400320389302,1.5071853642120046,111.49560211266223,0.025998639663455413,0.018679486123369414,3.918514104959046,1768.4100867227676,0.7935359865242564,0.8807785032412148,0.18229026445134167,0.9078091901156924,67.5978404115819,0.01735215593243107,40.844604198738104,0.0804015972598092,12.744514387655265,84.70712181217823,463.99414198469935,35754.004138077726,5.445608353440985,0.02693846391019203,147.67250079634576,0.30010828918684246,0.5655896650501843,49.39277174967452,0.01696027854484557,6.1182801176405395,0.19880069306139725,436.6200417187173,1.3135056799066005,0.0033367227692594594,369.317167190019,0.04129070521632276,0.8009862786659905
6666.0,0.0,0.22995076889661117,0.31906479034583574,285.24657880810804,3.878428230083944,0.046573521664615876,4.590589044910707,0.5414675480222733,0.2763165604883236,0.02821213500421811,0.27592116479576717,0.1503444598311528,0.3875153389123327,0.01929162736147307,0.27870950904686814,0.3207948464385577,806.9961583104625,0.08229755303982073,0.0013303761120944905,209.97526499489166,4682.882321216727,12.96208635443329,33.61759579629198,15.320074253171423,0.36535199939737184,2.9443257201458746,3.0357366706772657,6.283599105361905,0.3825789064301706,0.29729793506382896,0.9888033936066308,0.9301456223060487,-0.0859455492009918,0.602451383796377,0.29958352728032983,14.270457361633257,0.009369542614748079,7.3644230311094905,0.01994824746107296,4.546550498345177,12.259183239452437,6.551851837098934,552.4564821515175,0.15941401359325374,3.771567788396413,266.6064402686353,13.304678932340288,204.9901918041935,17.01154301549606,3341.4034246558153,0.15239614528778495,0.009370721132189421,0.2235219986515004,48.173398491078785,0.002629222026033584,234.2991495850734,0.08080389044463514,13.745076076428877,204.74855379817296,1.37642588194682,281.55386205107925,0.013382796493877996,0.00955238291410814,4.38344990969278,2517.5128026161315,0.8301034078690086,0.9036775463348842,0.13389703494020855,0.9265498412708276,190.05196206325166,0.008805414775306237,53.17565545098789,0.06370352654737504,23.13224827847905,206.06420102055546,376.4298772059152,42042.69801778515,2.4026337513112592,0.012956873049690123,316.50955233447877,0.32068860100675267,0.5856923600153205,127.97009768431427,0.008105254969618354,6.3695265576505555,0.2457016528604419,355.8759264163032,0.8783884375847992,0.002804815668383297,1063.755284759812,0.061335550900668404,1.0066776904737218
6666.0,1.0,0.2451441232763893,0.33002499681203573,1353.1366559204534,3.781995554973874,0.04317436723700081,3.915412010535083,0.5615663272851404,0.290299443422918,0.0264068932979086,0.2927549016918721,0.14793231233470905,0.4099193621401688,0.018124273252408247,0.2922616486445061,-0.34141380277484384,3716.21895311118,0.08764535027642109,0.0011448326278787344,252.51037374929865,3121.167818607035,-43.818281955389914,29.920124894597738,11.336864350196981,0.44542834156439287,2.481318553177585,2.7957949067212606,4.456499025721487,0.4239980385642509,0.34653902292360156,0.9913446458695403,0.9404285372905998,-0.09289463145171699,0.5515583404743669,0.3411426574395693,15.636626779579458,0.011336361146153868,7.089313819337503,0.024463957903028778,4.468521188876781,10.24968660043716,6.764809496027465,1822.0962601389401,0.13031572385310072,5.900198849401589,1046.585679479594,11.549098631214775,245.39472505751115,26.186398847703607,6556.35030206607,0.1632375465609989,0.008285241285115864,0.1659883303640919,36.6316367772729,0.0019390448850677188,890.8767284844519,0.08515465993262672,12.084801449719379,243.82160389180126,1.5612931179659586,381.856494193392,0.012522996079892657,0.00847581408847356,4.430768003866502,9435.59742600157,0.7814459810347987,0.8712566280698146,0.2085369377805758,0.9021823273950388,219.34759600583553,0.007693141028220692,140.42788654221394,0.06186148973692933,22.239864499984826,224.08727699645084,1304.829193400871,401847.40159046184,7.046121448759608,0.012128721877023628,842.2295345035524,0.29868276948482764,0.5623026932222255,129.70083911586767,0.00710274101994577,6.582600999468607,0.16947434095508918,1267.9231895908313,2.158393327804164,0.0015883519800561248,961.3821076012779,0.045198659869818796,0.47412931176989925
6666.0,1.0,0.2900249892829748,0.35542332939267873,727.6867410450448,3.4818873552286136,0.034572294407724566,4.414687728215549,0.4552843657709958,0.3222659809555697,0.020984017976566946,0.3220357112102422,0.17308354549908453,0.27660479182834724,0.014290450007661729,0.3234077501661147,-0.2670634636711622,1825.9134174611193,0.10922947386858643,0.0007339775792037231,253.1306376817496,911.2286547215931,-6.545011290322414,18.016054454958176,9.199552993713214,0.34402917488640194,2.1751924155652658,2.6402100043481407,3.651258034676464,0.4601858360349477,0.3909335790626958,0.9879491686958386,0.9298829691491565,-0.09006321621916463,0.5095630551107663,0.37256761493483925,15.731872940366756,0.016106585312884582,6.559212818830734,0.03968154712239935,4.118110166020574,6.795769806953186,6.679068848906873,659.5655951525034,0.11506931653435076,8.544342473033208,600.337748757326,7.444122632900731,248.6582393116709,35.22347252957322,8591.850545765374,0.18523643363597242,0.007861869992933437,0.14333245049036694,30.750404693716966,0.001645389173181789,490.1010364280247,0.10460336196240097,8.006817690154998,248.218438762392,1.7393453965484953,424.02401634306324,0.012459569332308195,0.00802948101411164,4.23124784189382,3856.027494776434,0.7475287366307426,0.84676478967203,0.287135062411185,0.883753898360572,219.2383151967714,0.007197299411266728,56.99029523011934,0.07096191444168884,17.702224190883975,233.58519182535224,1692.9842791220954,490511.3827846404,9.876523697941444,0.011268823271718981,254.90506797998825,0.292145362278978,0.5562705432957051,128.98109459609634,0.00622387261848225,6.338720831068951,0.14193724154243087,1641.7910645785255,1.320810385518989,0.002090898680065562,538.5357102569653,0.040061305121223856,0.5395886091902262
6666.0,1.0,0.17851858949756333,0.2684081304006852,594.676051588378,3.8660632331799025,0.046921121815766534,3.1717574143700342,0.36572302393704975,0.22296985435203906,0.028084220142225405,0.22184805138330238,0.11556522455381052,0.25851261070495457,0.019590543898142843,0.22577054963118662,0.22754910041573,1649.9663671484145,0.08112915210837153,0.0012617497351574644,179.38548789425232,4239.220137182449,26.293985826827015,37.085824582497295,11.004927395780948,0.5407046394415109,2.441156542740505,2.7949840556271073,4.392939056821199,0.42815919615872144,0.35152519183173847,0.9851276375966298,0.9204485547392426,-0.1054179953024649,0.6473248848892396,0.3449493324736921,13.108386128140538,0.01004901906659384,7.258449757890854,0.021066376591262065,4.633037395027271,11.872058567442922,6.789216248081531,1514.110082402003,0.13979643167817882,5.4954046729747175,744.7969434105903,12.695421927133019,167.16007383128604,22.770524262427656,3906.3274565550014,0.19069396561646787,0.010541199699555194,0.18726341776489552,29.02781993765058,0.0026840036383611898,650.0362001971926,0.07982643899505908,13.078617521622027,166.31306158278187,1.4873380452178642,249.12981757928387,0.01536460548546671,0.010781685006871164,4.451934239019896,7473.359448590087,0.8002922453703758,0.8840878855590748,0.17677023983500162,0.9114265535304852,151.0810136014478,0.009909027969361193,146.8023172197546,0.06665197866312035,19.60563036612928,157.71614178933243,480.3103238478608,68590.9516771286,3.306670254191503,0.015022963954024172,743.1369466519849,0.2824143209003728,0.5424275574732872,85.60170516680505,0.009051541744194497,6.569732800118474,0.20573054455321182,454.2238881162317,2.6028288711492986,0.001795535468504016,507.94640347858564,0.060104469837457965,0.4172171311206836
6666.0,0.0,0.18884410053857487,0.3273473876913847,-10.222502825013464,4.375013062846573,0.07709061021725903,2.8894942075202277,0.44778802884264385,0.26521879830298006,0.04652279737412845,0.2745092226739148,0.13086700192965234,0.31987510708588196,0.033298704870668536,0.27146466846909667,-0.2512942683215104,-1.6011563849069717,0.05737344816071796,0.0033340279020945794,245.20647824885478,35423.871390959226,-388.7857415005291,109.66166961227538,15.074142282417645,0.7396438112375668,2.8929290066408404,2.9755582382853714,6.725200992785096,0.38428974281612954,0.29812257142097215,0.9851569013101832,0.9198929037009259,-0.33600249836885976,0.9452530926764795,0.3041804808321959,14.782064581177101,0.01051516555041509,6.949771360495535,0.03242690855112206,5.058755268012096,30.400816714713386,5.761633240979255,21.941584277900176,0.31539207212627074,1.1798312448530792,39.05026706272139,33.73294080366576,251.56396138687143,5.968468539530257,1229.5995446356574,0.1225028858905998,0.019180647615351817,0.4834651950437818,135.31364205346952,0.013685362004937557,30.425909361904928,0.056112237421787156,34.860067459659476,249.03759295334078,1.3911474478659098,354.16122127697645,0.023982238230634792,0.020375076873597513,4.729338277462741,49.89829107763171,0.8408010307659027,0.9045995270685799,0.15728148517896756,0.9317773291079161,231.24980118705392,0.019818940307492577,1.7174821803823406,0.05115580478353746,42.310383803442164,242.73201719265114,305.8338564234447,21665.68351851692,1.9189312484458902,0.02749591584905812,16.391524961851275,0.49081394075766194,0.7284415687658259,186.9854462780243,0.023879093716420267,5.499012196265839,0.5508336410352284,294.2743212788463,0.2118696176227226,0.060439903957318644,512.8073238164959,0.13545523094613943,16.370550204994153
6666.0,0.0,0.1972993379084164,0.31005283114185644,132.43583552282522,4.107315791482665,0.05808357223476186,2.769028378682439,0.3920399954311363,0.2528604576719883,0.03426991083996809,0.25058532849069143,0.13860558573507098,0.2564781543740371,0.024195343282972837,0.25647611791027536,0.20111626910971583,351.7096459134692,0.06787558370393976,0.0018397684286779999,170.69165277020906,8276.634342686972,148.05313040409422,51.40523436699245,19.26373798266613,0.43969634477628905,3.283907966858836,3.162174517458327,7.9890095238171845,0.36919631699656924,0.28469708041949343,0.9758883447798459,0.8990391546324927,-0.11922569523111975,0.7329960243943987,0.2850289114167172,12.742659507461104,0.007608680786019452,7.6719106616156605,0.01871532191404482,4.796898204041122,17.631833370057514,6.6313623041069265,362.7470088820055,0.1767672236138197,3.4874198498189353,146.2205653705381,18.396039825552666,173.88601043110557,14.402198904823521,2265.875785105218,0.16763397497020036,0.012272303954952891,0.26285902912699843,49.03071812688368,0.004133757452489484,128.23374892692405,0.06699917130349942,18.765100585634816,174.1604192249023,1.3246225188446197,229.93443150266222,0.01667238738144276,0.012533867474036644,4.539458142298083,1550.2671176292783,0.8523921829973481,0.9163722000491048,0.1157978018734088,0.9361146984308254,163.64715843160047,0.011758343118592859,37.484824495629425,0.05859310351772707,24.50128594784659,174.90466173865104,318.19297244884115,24224.889434692945,2.054208367651457,0.01685643145638164,228.30069087309468,0.3101664691452761,0.573448499540166,102.03266762638425,0.010799080212276812,6.3723342080556185,0.31722720894471823,302.38678361352856,0.8015720524320327,0.00426077757357962,689.1247990577473,0.10788705993259134,0.9837542310360465
6666.0,0.0,0.27988991046948053,0.3612460644186239,624.5433260401231,3.7201028211199887,0.04255742256806344,3.359117154524837,0.44204786255427775,0.3213901655443075,0.025501042013039786,0.32226050266884426,0.1732465434932561,0.26355707314725024,0.01778103039857721,0.3229994533775077,-0.26966142982146174,1570.467392222725,0.08988524515694733,0.001032024001837131,246.71047647036238,2805.9342681798453,-39.780358952093955,30.595056094078863,7.98637116253261,0.5967717855903961,2.0198514451490506,2.5235099052805476,2.985698801051033,0.47300515549266975,0.4057585902226314,0.9887215821935785,0.9320655462070854,-0.13717811636454733,0.7170781070685848,0.3865749983093416,15.420346989044416,0.013806633161655443,6.796446366241264,0.03376085965329649,4.483664238883811,9.465839761150708,6.866001773417352,593.7692486956363,0.11915534721941609,8.510553259865695,431.9238825586818,10.41443016052321,248.7390915710028,34.6316989983232,8420.611103361323,0.18835912187093007,0.008085767552589553,0.13518027360494667,28.658016101290613,0.0016235839368333527,355.2889386341469,0.08687104245301197,11.008831689110538,248.25437657766685,1.7462486736428124,427.35620308315976,0.012790864848135783,0.008264028881134658,4.450914172283697,3360.6441847060823,0.7514622596726455,0.8487338104079785,0.2903696353885077,0.8850935828238133,219.85805111325527,0.00741521010042351,41.43743064727977,0.0627429800825855,20.637670309251497,238.57364549140823,944.2695746487142,220004.0817658295,6.021390202516795,0.011530541348003309,144.21847731889335,0.23697966243904764,0.47872799629863855,107.88389954395146,0.0058182731940885635,6.6751002099637,0.14086613196128867,893.8184679610807,1.13576521388688,0.0025930886456667097,344.2281695434814,0.05116880176557084,0.5875884124067837
6666.0,0.0,0.17541141472031702,0.2683299305674309,6.70365847891793,3.909641026669825,0.05055798171706013,3.0194426294593266,0.33132883611670355,0.22239320316111288,0.029952690839385347,0.22349138448797523,0.11207509959923076,0.22929510815092102,0.021247342924006967,0.22552660775799427,0.2366928315483467,48.169225768443425,0.0780236455074399,0.0014062143426839735,145.386708658975,2805.526018998054,53.79458320669863,29.241736194683593,22.36466504280259,0.12438836526961644,3.7921485122764325,3.066874145378238,6.423731224818577,0.31637674739239835,0.22171760417008213,0.9656648002362407,0.8737031721128311,-0.21242805093235978,0.8833061246727539,0.23264137696460768,12.007679016766811,0.012124309251900677,6.762616180391176,0.02952519696601977,4.260437609280395,13.199173271879404,5.9220949441491,108.66867714422852,0.2403487656946518,1.7066647825954222,66.13883018818746,14.20631108653889,167.6208998144727,8.264428026143243,1160.1569250794037,0.13160269116097315,0.012039528613742568,0.37585210852435286,73.64043385027304,0.005404899852298265,56.41279699240761,0.0770272498273908,14.461458155970938,167.95128265694984,1.1973784300579222,201.6103588983217,0.015637651056942124,0.012260107412748463,4.181041462850779,387.02637768855084,0.903743966352115,0.9459165882241055,0.06924934482573736,0.9583468216189397,161.74173387013215,0.011647952053031678,14.658688990715333,0.0667123846264663,18.37798530200305,174.55642829269723,308.2590193643665,21773.674573741155,1.9355579962384883,0.0157288268483157,90.94980390236569,0.40040282229169644,0.6555577208807121,121.70618250520606,0.011307014191941153,5.641992863645915,0.44868681431014334,295.67855566511014,0.4229332720804545,0.011101336287875253,480.5295675187027,0.12096347970958732,1.9408939218638304
6666.0,1.0,0.2485771612930586,0.32863090976297565,697.2653333973119,3.766820664876205,0.04030046730594865,4.529465823046248,0.48921525547990335,0.28912396499826754,0.02551550268435276,0.2876313778265234,0.17040776952139522,0.31275535685742295,0.01692277076953341,0.2910571828040748,0.40500413911643046,1535.919550890941,0.09139396198778701,0.0011237560103114382,179.25832659122835,3395.129008263106,61.18089272085718,28.209215533469415,14.998669838265162,0.3073054191988635,2.8066515151087748,2.9810737958115334,6.683927959289935,0.40276492529495805,0.3225585969606276,0.9853341559503406,0.9222924705215528,-0.08192778703139636,0.5215200862126941,0.32141798086488926,13.23916330035631,0.011149810570040768,7.204916221721715,0.023813438556602572,4.42267072316413,10.873286970902067,6.5962193545270305,1059.7753437770093,0.14233130247503925,4.867109558748455,592.2175058134633,11.332942306301508,183.90689788239618,21.35933598529754,3643.1827348695015,0.17657795181510533,0.009690780879036012,0.19396070788735628,37.6192220161877,0.0023586041610374484,510.604123504723,0.08852736591269621,11.916820601676289,184.46705061735236,1.4688558004802563,266.7977225942635,0.014201407058248395,0.009877497009934795,4.3509682477903695,5208.678919232188,0.8063828732097906,0.887732584832616,0.17215598370072643,0.9146986531179458,169.4168437952883,0.00904751699454591,90.78023183702805,0.060989091277920474,23.261005657628914,198.00945446431118,517.2501062178409,71080.02470545404,3.712559980505209,0.013130634944026295,575.4915044045946,0.31187345305774633,0.576762509606522,120.02556314322041,0.0077255729787130325,6.498052930488333,0.206631624915974,491.2514523265371,1.6991357468276858,0.0018876463532829808,987.3456404248411,0.05257614751582528,0.5652001952380598
6666.0,0.0,0.19643946568867443,0.3026130264089373,99.56785761881605,4.034402214678288,0.06032362861235651,2.556939310049651,0.38166660323180723,0.24716041166545247,0.03368182455251228,0.24364924341430194,0.1281011704739011,0.25898343256068046,0.02473792520339881,0.25057816927418003,0.14414329522535632,270.30675889431143,0.07015554206916334,0.001700975365320151,197.66525512449658,5108.80826206205,-8.239602843714046,41.44600414132587,18.840202281002313,0.35250003099272786,3.1882183251794354,3.107435537041529,8.020452659199963,0.3854109278046735,0.30629507088779234,0.9763673403169042,0.9019534031601654,-0.12408328015767732,0.7206827018645232,0.30527306418814415,13.80142899240322,0.00876655096462426,7.377045919859374,0.019724748520482973,4.63049656877414,15.127279099465948,6.608983871330181,276.49450999838194,0.16932493187227832,3.747589719807543,130.10839723261356,17.11189965112866,183.10526485469393,15.488513467238821,2941.406280016648,0.15714194405867715,0.011151055833923715,0.24965962146397283,47.27452481197523,0.0036068187106976578,113.64640807391521,0.06957703024279749,17.361690807915448,182.02065567296557,1.3750940796439175,253.5627249894748,0.015502124427255251,0.011418244413897617,4.471508136304106,1267.3792722790784,0.8507173984705799,0.9116570988080749,0.14242016494021348,0.9341825177948972,169.6467401231882,0.010679202167216127,30.71091363806944,0.062093629908078984,22.032484768061952,177.0038678206157,325.0208868367407,26932.92296281029,2.070478993811518,0.01553372280663903,159.36725361936473,0.30408465524902634,0.5650660227809248,104.6867725803689,0.009773384389436028,6.274890371456849,0.2996241558744017,308.38947797077617,0.6427345573551848,0.005077036125879993,622.229953511822,0.09085955719206223,1.2307827778550522
6666.0,1.0,0.19660103108838184,0.26864338721581227,668.51263406518,3.5568428605017504,0.039688462296681985,3.2207966734552462,0.36080609137689656,0.23344946773991276,0.02286165958551764,0.23390729037876262,0.1499185652576752,0.21260433641273274,0.016289277597056336,0.23515015883526683,0.22254966350531358,1679.3611545067606,0.09890018870308849,0.0008087701404776165,92.46070989213499,1299.036536810017,14.978373469850276,24.011302098131935,7.071157903166003,0.5694321989946102,1.9383658520828129,2.4766880502310107,2.402153884087605,0.4752407610026972,0.40762489696954923,0.9870307152346096,0.9252262117588653,-0.11495144176709568,0.6705163178893515,0.3919738822539565,9.47240060491797,0.014231347171313101,6.6202294084965185,0.03063030238231822,4.3209646083805575,7.630897448115484,6.6446219221346485,1430.685346210273,0.13091261867156387,6.353336570467012,937.8874915727184,8.200345968920185,96.88993000795513,27.034577607304985,2480.064595444545,0.340282211469046,0.015423140406431272,0.15932874656427956,14.78175921183626,0.0029868951942719733,805.920191233179,0.09701716421096378,8.484048650856307,97.67567612086488,1.6054577246732078,153.1618076604705,0.023340663043831755,0.015666089742783277,4.2016475181244415,7434.955317730798,0.7829594534739615,0.8695762435601543,0.23027644875000325,0.9009911730048996,88.1018645913776,0.014310770963609686,137.92376343365592,0.0750424037509319,13.554930951906819,110.1786843013754,688.128828702183,67562.52126032453,9.612381281984034,0.02007327764857482,528.5982334009894,0.25917449108842844,0.5120953959164171,56.39290114704413,0.01023308670630483,6.498344538228707,0.169513570687988,652.4505898918737,3.6985370328681717,0.0018076155000914286,248.13731593450586,0.04494458191001681,0.38363505559379374
6666.0,0.0,0.2992565100280803,0.4043130349746507,958.1191138495451,4.015075934479135,0.05020902679910285,3.2587526796247124,0.517847118346071,0.35450306087672917,0.031136642131667024,0.3551480791246685,0.1753821248197971,0.33460049863911545,0.021422247939196348,0.3567566631897119,-0.06397117157305501,2396.6039752100664,0.07427433637161715,0.0015837149777646856,372.68737137066984,6340.805567748314,-49.754664622159574,42.11913924497314,14.923957963938754,0.4585222228033565,2.9075076870367256,2.947891373345055,5.516181679872779,0.39006455587212213,0.30699717208552635,0.9858733072831934,0.9213491032531133,-0.11081706492310033,0.6348383884941251,0.30314653790342483,18.93110277859148,0.009100128922630197,7.447067733954167,0.019781066905810683,4.6893768211213285,14.18335219771127,6.778014795178813,1038.6505154473905,0.15264255849176456,4.4431555235962605,435.12522883632505,15.935978206466139,370.9612631459213,19.21041011026167,6375.741754785851,0.13120039710358347,0.006843794101756296,0.2051127620532241,80.89202854314806,0.001692933646976539,382.49977232466676,0.07309053064914542,16.3620079496363,371.68171291193204,1.4486789942255334,528.9836571851033,0.010375696212937283,0.006945913912911893,4.543201939714676,4831.439152414347,0.8220680870479464,0.8959078804122768,0.16720834864203565,0.9207748444163176,344.4169196337544,0.006270287937596748,90.339115471093,0.05919583687597256,24.64721513473417,381.1649134835307,377.02012330849004,57932.80120741732,2.179214562731481,0.008866996988626887,515.5460524624564,0.28202193921529456,0.5447693899351299,214.2457743938876,0.0052645489577107345,6.68488509096753,0.23309987120207828,355.114439644424,1.1727332321680974,0.002038496713618214,997.6719819967886,0.07086791896179165,0.596778001103764
6666.0,1.0,0.1658090562766341,0.26729336296220113,230.88417498819973,4.038060124216824,0.04879094110361823,3.567337292403692,0.35076904281025667,0.21733409042359808,0.031057243603952546,0.21822988256270803,0.06614558595109758,0.3031664437484145,0.020652438877504387,0.22108247713564277,-0.14006293169718131,658.8980693639513,0.07520121152935125,0.001641799583436886,296.7814552804856,6800.921925359759,-58.62089937072093,40.88328942235869,21.23081598399201,0.30380158579633976,3.410816946664158,3.221284217775146,9.154930482216557,0.3648218148275053,0.28017917975909934,0.9792134501787819,0.9067397815677518,-0.09033026464543588,0.5937970554070189,0.27963666799130743,16.953700416561517,0.008212494232740756,7.680268647978599,0.019778950153292608,4.670453686086386,15.667130097274715,6.631492286677785,781.5671289373252,0.16505976055664473,3.5736182657204045,314.71998099984603,16.4727565200959,302.8926193018712,15.589856292752943,4240.928045691466,0.13136553144204818,0.0077379898835288775,0.2455063112323115,80.78799963238808,0.0021883725572802073,278.1183530708119,0.07363054657687922,16.955769722315768,303.06512045743574,1.3545143292485688,407.7520351019441,0.011282673679185114,0.007868825406817867,4.510765723615483,3451.6329158384237,0.842195985156486,0.9101956426384343,0.1257857051534515,0.9311773024014203,283.71191434348606,0.007194533152779585,76.23442376659521,0.057580376224951726,25.549686982746994,308.8238437110854,336.6806701841573,33932.63854955585,2.0492150229691823,0.010152929460433745,525.2885630976625,0.31606825250230874,0.5804228856627897,186.03287120394998,0.006263159621422692,6.485809354714964,0.2883191246242089,319.41634171602857,0.9726339477647652,0.0023946767025431175,1090.8226975194225,0.08160447481788444,0.676491666463089
